{"pedometer":{"start_timestamp":1.5342514525112451e+18,"end_timestamp":1534253978324243.2,"steps":52,"floors_ascended":0,"floors_descended":0,"distance":7.2867520144890488e-44,"current_pace":0,"current_cadence":0,"average_active_pace":0,"deviceID":"e097147efedf4579baf026eff78fe303"}}
{"pedometer":{"start_timestamp":1.5342514525112451e+18,"end_timestamp":1534253983558949.8,"steps":59,"floors_ascended":0,"floors_descended":0,"distance":8.2676609395164207e-44,"current_pace":0,"current_cadence":0,"average_active_pace":0,"deviceID":"e097147efedf4579baf026eff78fe303"}}
{"pedometer":{"start_timestamp":1.5342514525112451e+18,"end_timestamp":1534253984118870.2,"steps":60,"floors_ascended":0,"floors_descended":0,"distance":8.4077907859489024e-44,"current_pace":0,"current_cadence":0,"average_active_pace":0,"deviceID":"e097147efedf4579baf026eff78fe303"}}
{"pedometer":{"start_timestamp":1.5342514525112451e+18,"end_timestamp":1534253984718272.8,"steps":61,"floors_ascended":0,"floors_descended":0,"distance":8.5479206323813841e-44,"current_pace":0,"current_cadence":0,"average_active_pace":0,"deviceID":"e097147efedf4579baf026eff78fe303"}}
{"pedometer":{"start_timestamp":1.5342514525112451e+18,"end_timestamp":1534253985278315.5,"steps":62,"floors_ascended":0,"floors_descended":0,"distance":8.6880504788138658e-44,"current_pace":0,"current_cadence":0,"average_active_pace":0,"deviceID":"e097147efedf4579baf026eff78fe303"}}
{"pedometer":{"start_timestamp":1.5342514525112451e+18,"end_timestamp":1534253985878071.2,"steps":63,"floors_ascended":0,"floors_descended":0,"distance":8.8281803252463475e-44,"current_pace":0,"current_cadence":0,"average_active_pace":0,"deviceID":"e097147efedf4579baf026eff78fe303"}}
{"pedometer":{"start_timestamp":1.5342514525112451e+18,"end_timestamp":1534253986477593.5,"steps":64,"floors_ascended":0,"floors_descended":0,"distance":8.9683101716788293e-44,"current_pace":0,"current_cadence":0,"average_active_pace":0,"deviceID":"e097147efedf4579baf026eff78fe303"}}
{"pedometer":{"start_timestamp":1.5342514525112451e+18,"end_timestamp":1534253987037453,"steps":65,"floors_ascended":0,"floors_descended":0,"distance":9.108440018111311e-44,"current_pace":0,"current_cadence":0,"average_active_pace":0,"deviceID":"e097147efedf4579baf026eff78fe303"}}
{"pedometer":{"start_timestamp":1.5342514525112451e+18,"end_timestamp":1534253987637270,"steps":66,"floors_ascended":0,"floors_descended":0,"distance":9.2485698645437927e-44,"current_pace":0,"current_cadence":0,"average_active_pace":0,"deviceID":"e097147efedf4579baf026eff78fe303"}}
{"pedometer":{"start_timestamp":1.5342514525112451e+18,"end_timestamp":1534253988237514.2,"steps":67,"floors_ascended":0,"floors_descended":0,"distance":9.3886997109762744e-44,"current_pace":0,"current_cadence":0,"average_active_pace":0,"deviceID":"e097147efedf4579baf026eff78fe303"}}
{"pedometer":{"start_timestamp":1.5342514525112451e+18,"end_timestamp":1534253988836696.8,"steps":68,"floors_ascended":0,"floors_descended":0,"distance":9.5288295574087561e-44,"current_pace":0,"current_cadence":0,"average_active_pace":0,"deviceID":"e097147efedf4579baf026eff78fe303"}}
{"pedometer":{"start_timestamp":1.5342514525112451e+18,"end_timestamp":1534253989396556.5,"steps":69,"floors_ascended":0,"floors_descended":0,"distance":9.6689594038412378e-44,"current_pace":0,"current_cadence":0,"average_active_pace":0,"deviceID":"e097147efedf4579baf026eff78fe303"}}
{"pedometer":{"start_timestamp":1.5342514525112451e+18,"end_timestamp":1534253989996251.2,"steps":70,"floors_ascended":0,"floors_descended":0,"distance":9.8090892502737195e-44,"current_pace":0,"current_cadence":0,"average_active_pace":0,"deviceID":"e097147efedf4579baf026eff78fe303"}}
{"pedometer":{"start_timestamp":1.5342514525112451e+18,"end_timestamp":1534253990556604,"steps":71,"floors_ascended":0,"floors_descended":0,"distance":9.9492190967062012e-44,"current_pace":0,"current_cadence":0,"average_active_pace":0,"deviceID":"e097147efedf4579baf026eff78fe303"}}
{"pedometer":{"start_timestamp":1.5342514525112451e+18,"end_timestamp":1534253991115852.8,"steps":72,"floors_ascended":0,"floors_descended":0,"distance":1.0089348943138683e-43,"current_pace":0,"current_cadence":0,"average_active_pace":0,"deviceID":"e097147efedf4579baf026eff78fe303"}}
{"pedometer":{"start_timestamp":1.5342514525112451e+18,"end_timestamp":1534253991675315.8,"steps":73,"floors_ascended":0,"floors_descended":0,"distance":1.0229478789571165e-43,"current_pace":0,"current_cadence":0,"average_active_pace":0,"deviceID":"e097147efedf4579baf026eff78fe303"}}
{"pedometer":{"start_timestamp":1.5342514525112451e+18,"end_timestamp":1534253992275071.5,"steps":74,"floors_ascended":0,"floors_descended":0,"distance":1.0369608636003646e-43,"current_pace":0,"current_cadence":0,"average_active_pace":0,"deviceID":"e097147efedf4579baf026eff78fe303"}}
{"pedometer":{"start_timestamp":1.5342514525112451e+18,"end_timestamp":1534253992874806.2,"steps":75,"floors_ascended":0,"floors_descended":0,"distance":1.0509738482436128e-43,"current_pace":0,"current_cadence":0,"average_active_pace":0,"deviceID":"e097147efedf4579baf026eff78fe303"}}
{"pedometer":{"start_timestamp":1.5342514525112451e+18,"end_timestamp":1534253993434849,"steps":76,"floors_ascended":0,"floors_descended":0,"distance":1.064986832886861e-43,"current_pace":0,"current_cadence":0,"average_active_pace":0,"deviceID":"e097147efedf4579baf026eff78fe303"}}
{"pedometer":{"start_timestamp":1.5342514525112451e+18,"end_timestamp":1534253994074989.2,"steps":77,"floors_ascended":0,"floors_descended":0,"distance":1.0789998175301091e-43,"current_pace":0,"current_cadence":0,"average_active_pace":0,"deviceID":"e097147efedf4579baf026eff78fe303"}}
{"pedometer":{"start_timestamp":1.5342514525112451e+18,"end_timestamp":1534253994634306.5,"steps":78,"floors_ascended":0,"floors_descended":0,"distance":1.0930128021733573e-43,"current_pace":0,"current_cadence":0,"average_active_pace":0,"deviceID":"e097147efedf4579baf026eff78fe303"}}
{"pedometer":{"start_timestamp":1.5342514525112451e+18,"end_timestamp":1534253995274111.2,"steps":79,"floors_ascended":0,"floors_descended":0,"distance":1.1070257868166055e-43,"current_pace":0,"current_cadence":0,"average_active_pace":0,"deviceID":"e097147efedf4579baf026eff78fe303"}}
{"pedometer":{"start_timestamp":1.5342514525112451e+18,"end_timestamp":1534253995913793.8,"steps":80,"floors_ascended":0,"floors_descended":0,"distance":1.1210387714598537e-43,"current_pace":0,"current_cadence":0,"average_active_pace":0,"deviceID":"e097147efedf4579baf026eff78fe303"}}
{"pedometer":{"start_timestamp":1.5342514525112451e+18,"end_timestamp":1534253996553207,"steps":81,"floors_ascended":0,"floors_descended":0,"distance":1.1350517561031018e-43,"current_pace":0,"current_cadence":0,"average_active_pace":0,"deviceID":"e097147efedf4579baf026eff78fe303"}}
{"pedometer":{"start_timestamp":1.5342514525112451e+18,"end_timestamp":1534253997273231.5,"steps":82,"floors_ascended":0,"floors_descended":0,"distance":1.14906474074635e-43,"current_pace":0,"current_cadence":0,"average_active_pace":0,"deviceID":"e097147efedf4579baf026eff78fe303"}}
{"pedometer":{"start_timestamp":1.5342514525112451e+18,"end_timestamp":1534253997833365.8,"steps":83,"floors_ascended":0,"floors_descended":0,"distance":1.1630777253895982e-43,"current_pace":0,"current_cadence":0,"average_active_pace":0,"deviceID":"e097147efedf4579baf026eff78fe303"}}
